category,total_stock_cost,total_storage_cost,total_waste_cost,total_revenue,units_expired,waste_pct,margin_pct
Medical Devices,84795553.97,4253244.13,2193774.62,31819994.46,35112,2.59,-166.49
OTC Medication,75436802.02,3925075.91,1845538.95,31798817.47,33601,2.45,-137.23
Prescription Drugs,89370962.17999999,4311114.21,2256458.43,34870182.26,35930,2.52,-156.3
Specialty Pharma,225070316.82999998,9297293.93,5209836.04,86039308.18,39033,2.31,-161.59
Vaccines,79908409.07000001,3631324.07,1899663.91,31294902.55,37124,2.38,-155.34
Vitamins & Supplements,133597182.07,7275815.48,3440506.98,53804637.32,41887,2.58,-148.3
