segment,total,churned,avg_value,churn_rate
Chain Pharmacy,477,241,6919.421677148847,50.5
Hospital Pharmacy,527,242,7278.12375711575,45.9
Independent Pharmacy,492,236,7042.086158536586,48.0
Online Pharmacy,504,232,6697.9729563492065,46.0
