region,total,churned,avg_value,churn_rate
Baden-Württemberg,295,129,6654.148508474576,43.7
Bavaria,291,134,7458.419347079037,46.0
Berlin,302,149,6866.553741721854,49.3
Hamburg,286,149,6660.175979020979,52.1
Hesse,281,141,7703.766654804271,50.2
NRW,284,125,6718.632816901409,44.0
Saxony,261,124,6865.465785440613,47.5
